{"elections-2020": [[0.0650285489182767, 0.8979979118912986, 0.036973539190424703], [0.0030558970540720265, 0.09470446457421744, 0.9022396383717104], [0.7240134827687705, 0.23304042111419898, 0.04294609611703043]], "sport": [[0.18317515253718752, 0.019592969119028858, 0.7972318783437837], [0.9122749087924162, 0.02531250814836799, 0.062412583059215654], [0.3050241077902842, 0.6745094799709626, 0.020466412238753173]], "immigration": [[0.24841817186207016, 0.679242859849386, 0.07233896828854375], [0.08551157408624283, 0.08561158025636925, 0.8288768456573878], [0.8319062898501863, 0.07377654234392034, 0.0943171678058935]], "environment": [[0.022947611487460745, 0.03452373982856974, 0.9425286486839695], [0.08480740249069643, 0.6139601206690406, 0.30123247684026294], [0.43985494862076513, 0.13747642162798773, 0.4226686297512472]], "abortion": [[0.004598512056921578, 0.004736542103032315, 0.990664945840046], [0.5399261216873084, 0.38930407118249677, 0.07076980713019487], [0.12222228580514018, 0.8459767070824693, 0.031801007112390575]], "student-debt": [[0.007723469827204354, 0.9792331233711489, 0.013043406801646826], [0.02778407074593593, 0.041691203588083314, 0.9305247256659807], [0.6786472008531815, 0.3209327309262807, 0.00042006822053776427]], "vaccines": [[0.357308480345343, 0.029770829636151592, 0.6129206900185054], [0.9368813213038685, 0.01929228854492495, 0.04382639015120647], [0.0004335178352969926, 0.999148620796362, 0.00041786136834101595]], "white-nationalism": [[0.8760690014591701, 0.09821778691874167, 0.02571321162208831], [0.08845154446559444, 0.8670212139175328, 0.044527241616872826], [0.15096533079361052, 0.07717055205792867, 0.7718641171484608]], "coronavirus": [[0.015574850853123823, 0.04212769130892774, 0.9422974578379485], [0.8556418613899124, 0.0768992990993907, 0.06745883951069676], [0.08472028601919651, 0.8342770169212845, 0.0810026970595189]], "middle-class": [[0.009411826432702004, 0.07602916223923262, 0.9145590113280653], [0.01821641116774413, 0.9467751940708713, 0.035008394761384565], [0.16074231264363914, 0.4670217135641882, 0.37223597379217266]], "gender": [[0.15380083426923602, 0.8221979308630907, 0.024001234867673277], [0.8876650224649996, 0.07892093767609859, 0.0334140398589018], [0.39006206316354286, 0.06388400902712615, 0.5460539278093309]], "gun-control": [[0.7764847372867343, 0.10268244752045319, 0.12083281519281242], [0.12514114581746688, 0.04222008401182109, 0.8326387701707121], [0.14640337967540795, 0.5462322134614297, 0.30736440686316224]], "international-politics-and-world-news": [[0.143985428255758, 0.59341401841845, 0.26260055332579213], [0.08178466847145757, 0.06069016884791714, 0.8575251626806253], [0.733117692423658, 0.04512516789807372, 0.22175713967826832]], "trump-presidency": [[0.0017479977386333362, 0.0954955249767267, 0.9027564772846401], [0.04004873771417278, 0.9116893215580142, 0.048261940727813035], [0.6710421524950418, 0.19646678178856203, 0.13249106571639604]]}